text,summary
"**Discharge Summary**
**Sex:** Female
**Age:** 45-year-old female
**Service:** Medicine
**Chief Complaint:** Headache
**History of Present Illness:** Patient is a 45-year-old female with migraine history presenting with severe headache.
**Past Medical History:** Migraines
**Discharge Diagnosis:** Migraine headache",45-year-old female with migraine history presenting with severe headache. Diagnosed with migraine headache.
"**Discharge Summary**
**Sex:** Male
**Age:** 30 yo male
**Service:** Surgery
**Chief Complaint:** Right knee pain
**History of Present Illness:** 30 yo male with ACL tear presenting for surgical repair.
**Past Medical History:** None
**Discharge Diagnosis:** ACL tear, right knee","30 yo male with ACL tear presenting for surgical repair. Diagnosed with ACL tear, right knee."
"**Discharge Summary**
**Sex:** Female
**Age:** 80-year-old woman
**Service:** Medicine
**Chief Complaint:** Syncope
**History of Present Illness:** 80-year-old woman with CHF and AFib who collapsed at home.
**Past Medical History:** CHF, Atrial fibrillation
**Discharge Diagnosis:** Syncope, likely cardiogenic","80-year-old woman with CHF and AFib who collapsed at home. Diagnosed with syncope, likely cardiogenic."
